{"last_download_success": 1595723477.725586, "unseen_downloads": [], "last_download_failure": 1595725163.1680937}